{"cameraMode":{"drawMode":0,"name":"Shaded","section":"Shading Mode"},"sceneLighting":true,"audioPlay":false,"sceneViewState":{"m_AlwaysRefresh":false,"showFog":true,"showSkybox":true,"showFlares":true,"showImageEffects":true,"showParticleSystems":true,"showVisualEffectGraphs":true,"m_FxEnabled":true},"in2DMode":false,"pivot":{"x":-0.6836957931518555,"y":11.490856170654297,"z":7.364695072174072},"rotation":{"x":0.19228747487068177,"y":0.6856968998908997,"z":-0.19554941356182099,"w":0.6742555499076843},"size":7.630952835083008,"orthographic":false}